incident_id,machine_id,machine_type,location,incident_datetime,incident_type,failure_code,failure_description,sensor_id,sensor_type,sensor_value,maintenance_type,maintenance_action,downtime_minutes,reported_by,resolved_datetime,resolution_status,cost_estimate,root_cause
INC-0001,CNC-001,CNC Machining Center,Line A,2026-01-11 03:33:30,maintenance_event,ME-006,CMMS-triggered early maintenance based on vibration trend alert,CNC-001-SEN-SPIN,Spindle Speed Sensor,2727.01,preventive,Replaced hydraulic return filter and suction strainer; topped up fluid,208,MNT-001 (Sato T.),2026-01-11 07:12:30,closed,541.03,Scheduled PM as per 500-hour maintenance plan
INC-0002,CONV-002,Conveyor Belt System,Line B,2026-01-11 11:17:31,maintenance_event,ME-004,Scheduled replacement of drive belt and chain per wear-life schedule,CONV-002-SEN-SPEED,Belt Speed Sensor,1.29,preventive,Inspected and replaced worn drive belt; adjusted belt tension to 350 N,80,MNT-001 (Sato T.),2026-01-11 13:06:31,closed,1371.16,CMMS-generated work order based on predictive alert threshold breach
INC-0003,PUMP-001,Hydraulic Pump Parker H1,Utility Room,2026-01-15 17:45:48,sensor_anomaly,SA-001,Sensor value 15% above normal range; possible early-stage overheating,PUMP-001-SEN-FLOW,Flow Rate Sensor,207.1,corrective,Replaced gearbox assembly; refilled gear oil; verified noise level,36,OPR-002 (Suzuki M.),2026-01-15 19:00:48,resolved,608.37,EMI from adjacent inverter drive affecting analog signal quality
INC-0004,ROB-002,Robotic Arm FANUC M-20,Line A,2026-01-17 04:32:04,maintenance_event,ME-003,"Full sensor calibration, safety relay test, and emergency stop verification",ROB-002-SEN-CUR,Drive Current Sensor,8.12,preventive,Replaced hydraulic return filter and suction strainer; topped up fluid,82,MNT-002 (Kobayashi R.),2026-01-17 06:32:04,closed,299.01,Annual statutory safety inspection requirement
INC-0005,CNC-003,CNC Machining Center,Line B,2026-01-18 03:04:58,sensor_anomaly,SA-006,Current 30% above rated value; potential mechanical resistance increase,CNC-003-SEN-TEMP,Spindle Temperature Sensor,21.81,corrective,Repaired hydraulic pipe joint; purged air from system; tested at full pressure,20,CMMS-AUTO,2026-01-18 03:32:58,closed,826.92,Increased friction from bearing wear causing elevated current draw
INC-0006,ROB-004,Robotic Arm KUKA KR 10,Welding Station,2026-01-19 01:06:05,sensor_anomaly,SA-003,Pressure 18% below setpoint; potential minor seal weepage detected,ROB-004-SEN-CUR,Drive Current Sensor,20.19,corrective,Replaced ruptured drive belt (Gates Poly Chain); adjusted tension,76,CMMS-AUTO,2026-01-19 03:00:05,closed,1397.54,Sensor calibration drift after thermal cycling (>200 cycles since last cal.)
INC-0007,ROB-002,Robotic Arm FANUC M-20,Line A,2026-01-19 13:51:49,machine_failure,MF-004,Main drive belt snapped under load; machine halted unexpectedly,ROB-002-SEN-CUR,Drive Current Sensor,24.88,corrective,Replaced hydraulic seals on main ram; pressure tested to 250 bar – no leaks,434,OPR-001 (Tanaka K.),2026-01-19 21:50:49,closed,1989.25,Lubrication interval overrun by 40 hours; accelerated bearing wear
INC-0008,COMP-002,Air Compressor Atlas Copco,Utility Room,2026-01-22 05:19:29,maintenance_event,ME-003,"Full sensor calibration, safety relay test, and emergency stop verification",COMP-002-SEN-TEMP,Discharge Air Temp Sensor,56.46,preventive,Calibrated all installed sensors against reference standards,182,MNT-002 (Kobayashi R.),2026-01-22 08:35:29,closed,75.96,CMMS-generated work order based on predictive alert threshold breach
INC-0009,CONV-001,Conveyor Belt System,Line A,2026-01-22 17:49:09,maintenance_event,ME-003,"Full sensor calibration, safety relay test, and emergency stop verification",CONV-001-SEN-VIB,Vibration Sensor,3.85,preventive,Inspected and replaced worn drive belt; adjusted belt tension to 350 N,228,MNT-001 (Sato T.),2026-01-22 21:50:09,closed,974.21,Annual statutory safety inspection requirement
INC-0010,CNC-005,CNC Machining Center V2,Line B,2026-01-22 21:59:07,maintenance_event,ME-002,Hydraulic oil sample analysis and change; all lubrication points serviced,CNC-005-SEN-COOL,Coolant Flow Sensor,21.08,preventive,Calibrated all installed sensors against reference standards,81,MNT-001 (Sato T.),2026-01-23 00:09:07,closed,82.11,CMMS-generated work order based on predictive alert threshold breach
INC-0011,CONV-003,Roller Conveyor,Packaging Area,2026-01-23 00:47:35,maintenance_event,ME-001,"Routine PM per 500 h interval: inspection, lubrication, filter replacement",CONV-003-SEN-TEMP,Motor Temperature Sensor,44.44,preventive,Updated PLC firmware to v3.2.1; verified all I/O signal functionality,204,CMMS-AUTO,2026-01-23 04:46:35,closed,153.26,CMMS-generated work order based on predictive alert threshold breach
INC-0012,PUMP-002,Hydraulic Pump Parker H1,Utility Room,2026-01-23 03:13:38,maintenance_event,ME-004,Scheduled replacement of drive belt and chain per wear-life schedule,PUMP-002-SEN-PRES,Hydraulic Pressure Sensor,132.17,preventive,Replaced hydraulic return filter and suction strainer; topped up fluid,142,MNT-002 (Kobayashi R.),2026-01-23 06:00:38,closed,646.31,CMMS-generated work order based on predictive alert threshold breach
INC-0013,ROB-001,Robotic Arm FANUC M-20,Line A,2026-01-23 09:23:18,machine_failure,MF-006,"I/O module error; machine entered fault state, cannot accept commands",ROB-001-SEN-CUR,Drive Current Sensor,-1.4,corrective,Repaired hydraulic pipe joint; purged air from system; tested at full pressure,467,SCADA-SYSTEM,2026-01-23 17:15:18,closed,4925.22,Age-related insulation breakdown in motor winding (10-year-old unit)
INC-0014,CONV-001,Conveyor Belt System,Line A,2026-01-23 19:48:43,maintenance_event,ME-005,"Thermal imaging scan of control cabinet; tightened terminals, replaced fuse",CONV-001-SEN-VIB,Vibration Sensor,3.11,preventive,Tightened all electrical terminal blocks; replaced degraded cable ties,222,CMMS-AUTO,2026-01-24 00:22:43,closed,930.26,CMMS-generated work order based on predictive alert threshold breach
INC-0015,ROB-004,Robotic Arm KUKA KR 10,Welding Station,2026-01-24 09:29:01,maintenance_event,ME-004,Scheduled replacement of drive belt and chain per wear-life schedule,ROB-004-SEN-TEMP,Motor Temperature Sensor,63.79,preventive,Inspected and replaced worn drive belt; adjusted belt tension to 350 N,227,MNT-002 (Kobayashi R.),2026-01-24 13:29:01,closed,657.1,Scheduled PM as per 500-hour maintenance plan
INC-0016,PRESS-001,Hydraulic Press 100T,Line A,2026-01-25 10:32:23,sensor_anomaly,SA-005,Torque exceeded rated value by 25% for 200 ms; joint play suspected,PRESS-001-SEN-TEMP,Oil Temperature Sensor,100.37,predictive,Replaced position encoder after drift trend identified; recalibrated zero point,28,OPR-001 (Tanaka K.),2026-01-25 11:33:23,closed,1562.35,Partial cable insulation damage caused by coolant splash
INC-0017,ROB-001,Robotic Arm FANUC M-20,Line A,2026-01-25 13:27:43,maintenance_event,ME-002,Hydraulic oil sample analysis and change; all lubrication points serviced,ROB-001-SEN-TORQ,Joint Torque Sensor,49.77,preventive,Performed full lubrication of all bearing points and guide rails,60,MNT-002 (Kobayashi R.),2026-01-25 14:47:43,closed,588.78,Annual statutory safety inspection requirement
INC-0018,CNC-002,CNC Machining Center,Line A,2026-01-27 12:13:50,maintenance_event,ME-002,Hydraulic oil sample analysis and change; all lubrication points serviced,CNC-002-SEN-VIB,Vibration Sensor,3.01,preventive,Cleaned coolant tank; replaced coolant and checked pump operation,55,MNT-001 (Sato T.),2026-01-27 13:40:50,closed,159.25,Annual statutory safety inspection requirement
INC-0019,PUMP-001,Hydraulic Pump Parker H1,Utility Room,2026-01-27 13:47:39,sensor_anomaly,SA-007,Encoder offset accumulating per cycle; calibration required,PUMP-001-SEN-FLOW,Flow Rate Sensor,204.35,corrective,Replaced failed bearing (SKF 6205-2RS); re-greased and verified alignment,76,SCADA-SYSTEM,2026-01-27 15:38:39,closed,3091.22,Partial cable insulation damage caused by coolant splash
INC-0020,CONV-003,Roller Conveyor,Packaging Area,2026-01-28 07:42:31,sensor_anomaly,SA-001,Sensor value 15% above normal range; possible early-stage overheating,CONV-003-SEN-VIB,Vibration Sensor,-0.06,corrective,Replaced hydraulic seals on main ram; pressure tested to 250 bar – no leaks,33,CMMS-AUTO,2026-01-28 09:09:31,closed,2033.08,Oil mist contamination of sensor housing reducing measurement accuracy
INC-0021,ROB-004,Robotic Arm KUKA KR 10,Welding Station,2026-01-30 00:18:19,machine_failure,MF-008,"X-axis servo fault; position error exceeded 0.5 mm, emergency stop",ROB-004-SEN-TEMP,Motor Temperature Sensor,110.35,corrective,Replaced failed bearing (SKF 6205-2RS); re-greased and verified alignment,70,OPR-002 (Suzuki M.),2026-01-30 02:23:19,closed,11824.32,Excessive side load on spindle during roughing operation
INC-0022,ROB-003,Robotic Arm KUKA KR 10,Line B,2026-01-31 22:54:33,sensor_anomaly,SA-006,Current 30% above rated value; potential mechanical resistance increase,ROB-003-SEN-CUR,Drive Current Sensor,19.62,corrective,Replaced gearbox assembly; refilled gear oil; verified noise level,37,CMMS-AUTO,2026-02-01 00:23:33,closed,1082.11,Repeated thermal shock to sensor mount loosened connection
INC-0023,PRESS-002,Hydraulic Press 200T,Line B,2026-02-01 01:23:03,maintenance_event,ME-002,Hydraulic oil sample analysis and change; all lubrication points serviced,PRESS-002-SEN-TEMP,Oil Temperature Sensor,64.61,preventive,Calibrated all installed sensors against reference standards,83,MNT-002 (Kobayashi R.),2026-02-01 03:39:03,closed,925.97,Operator-initiated inspection following anomaly observation
INC-0024,PUMP-001,Hydraulic Pump Parker H1,Utility Room,2026-02-01 23:38:34,sensor_anomaly,SA-001,Sensor value 15% above normal range; possible early-stage overheating,PUMP-001-SEN-TEMP,Oil Temperature Sensor,25.47,corrective,Replaced gearbox assembly; refilled gear oil; verified noise level,83,SCADA-SYSTEM,2026-02-02 01:18:34,closed,1057.11,Repeated thermal shock to sensor mount loosened connection
INC-0025,COMP-001,Air Compressor Atlas Copco,Utility Room,2026-02-03 02:38:31,machine_failure,MF-009,Unusual grinding noise from gearbox; inspection revealed worn gear teeth,COMP-001-SEN-TEMP,Discharge Air Temp Sensor,24.29,corrective,Replaced burnt motor winding; realigned coupling and performed test run,365,OPR-003 (Yamamoto H.),2026-02-03 09:31:31,closed,6903.05,Power grid voltage sag event caused PLC reset and control fault
INC-0026,CONV-001,Conveyor Belt System,Line A,2026-02-04 14:03:48,maintenance_event,ME-001,"Routine PM per 500 h interval: inspection, lubrication, filter replacement",CONV-001-SEN-VIB,Vibration Sensor,1.64,preventive,Calibrated all installed sensors against reference standards,107,CMMS-AUTO,2026-02-04 16:40:48,resolved,1003.28,Operator-initiated inspection following anomaly observation
INC-0027,ROB-004,Robotic Arm KUKA KR 10,Welding Station,2026-02-05 20:34:49,sensor_anomaly,SA-006,Current 30% above rated value; potential mechanical resistance increase,ROB-004-SEN-CUR,Drive Current Sensor,20.53,predictive,Performed proactive bearing replacement based on vibration trend analysis,6,OPR-002 (Suzuki M.),2026-02-05 20:54:49,closed,2076.68,Increased friction from bearing wear causing elevated current draw
INC-0028,CNC-002,CNC Machining Center,Line A,2026-02-06 00:04:06,sensor_anomaly,SA-008,Speed dropping 10–15% intermittently; belt slippage on drive pulley,CNC-002-SEN-TEMP,Spindle Temperature Sensor,97.74,predictive,Replaced position encoder after drift trend identified; recalibrated zero point,22,CMMS-AUTO,2026-02-06 01:03:06,closed,722.88,Progressive mechanical wear producing detectable vibration signature
INC-0029,CONV-001,Conveyor Belt System,Line A,2026-02-06 02:48:39,maintenance_event,ME-003,"Full sensor calibration, safety relay test, and emergency stop verification",CONV-001-SEN-TENS,Belt Tension Sensor,351.25,preventive,Cleaned coolant tank; replaced coolant and checked pump operation,124,MNT-002 (Kobayashi R.),2026-02-06 05:46:39,closed,924.32,Scheduled PM as per 500-hour maintenance plan
INC-0030,PUMP-001,Hydraulic Pump Parker H1,Utility Room,2026-02-06 07:15:15,machine_failure,MF-006,"I/O module error; machine entered fault state, cannot accept commands",PUMP-001-SEN-FLOW,Flow Rate Sensor,8.13,predictive,Pre-emptive seal replacement after continuous pressure-drop trend detected,300,OPR-002 (Suzuki M.),2026-02-06 12:39:15,closed,2683.63,Hydraulic fluid degraded beyond acceptable viscosity index
INC-0031,ROB-004,Robotic Arm KUKA KR 10,Welding Station,2026-02-07 22:33:18,sensor_anomaly,SA-002,Vibration RMS increasing week-over-week; bearing wear suspected,ROB-004-SEN-TEMP,Motor Temperature Sensor,97.53,corrective,Replaced failed power supply unit; verified stable 24 VDC output,82,SCADA-SYSTEM,2026-02-08 00:52:18,resolved,912.13,Partial cable insulation damage caused by coolant splash
INC-0032,PUMP-001,Hydraulic Pump Parker H1,Utility Room,2026-02-08 00:54:00,sensor_anomaly,SA-003,Pressure 18% below setpoint; potential minor seal weepage detected,PUMP-001-SEN-TEMP,Oil Temperature Sensor,107.81,predictive,Replaced position encoder after drift trend identified; recalibrated zero point,5,CMMS-AUTO,2026-02-08 01:56:00,closed,3021.58,EMI from adjacent inverter drive affecting analog signal quality
INC-0033,COMP-002,Air Compressor Atlas Copco,Utility Room,2026-02-08 04:56:07,maintenance_event,ME-002,Hydraulic oil sample analysis and change; all lubrication points serviced,COMP-002-SEN-CUR,Motor Current Sensor,19.88,preventive,Cleaned coolant tank; replaced coolant and checked pump operation,57,MNT-002 (Kobayashi R.),2026-02-08 06:02:07,closed,998.51,CMMS-generated work order based on predictive alert threshold breach
INC-0034,PUMP-001,Hydraulic Pump Parker H1,Utility Room,2026-02-08 09:38:37,sensor_anomaly,SA-007,Encoder offset accumulating per cycle; calibration required,PUMP-001-SEN-TEMP,Oil Temperature Sensor,103.39,predictive,Adjusted drive pulley alignment after belt speed anomaly trend detected,14,OPR-002 (Suzuki M.),2026-02-08 10:09:37,resolved,660.2,Oil mist contamination of sensor housing reducing measurement accuracy
INC-0035,CNC-004,CNC Machining Center V2,Line B,2026-02-09 11:51:27,sensor_anomaly,SA-005,Torque exceeded rated value by 25% for 200 ms; joint play suspected,CNC-004-SEN-COOL,Coolant Flow Sensor,40.08,predictive,Replaced motor insulation based on IR thermography hot-spot finding,31,OPR-002 (Suzuki M.),2026-02-09 13:20:27,closed,1060.13,Progressive mechanical wear producing detectable vibration signature
INC-0036,PRESS-002,Hydraulic Press 200T,Line B,2026-02-11 14:56:33,sensor_anomaly,SA-006,Current 30% above rated value; potential mechanical resistance increase,PRESS-002-SEN-STR,Ram Stroke Position Sensor,689.36,corrective,Replaced gearbox assembly; refilled gear oil; verified noise level,17,OPR-002 (Suzuki M.),2026-02-11 15:30:33,closed,1272.8,Increased friction from bearing wear causing elevated current draw
INC-0037,ROB-003,Robotic Arm KUKA KR 10,Line B,2026-02-12 05:04:45,sensor_anomaly,SA-005,Torque exceeded rated value by 25% for 200 ms; joint play suspected,ROB-003-SEN-TORQ,Joint Torque Sensor,138.31,predictive,Replaced motor insulation based on IR thermography hot-spot finding,56,OPR-002 (Suzuki M.),2026-02-12 06:07:45,closed,323.9,Increased friction from bearing wear causing elevated current draw
INC-0038,PRESS-001,Hydraulic Press 100T,Line A,2026-02-13 13:25:57,maintenance_event,ME-004,Scheduled replacement of drive belt and chain per wear-life schedule,PRESS-001-SEN-PRES,Cylinder Pressure Sensor,370.52,preventive,Calibrated all installed sensors against reference standards,145,MNT-002 (Kobayashi R.),2026-02-13 16:28:57,closed,570.12,Scheduled PM as per 500-hour maintenance plan
INC-0039,CNC-004,CNC Machining Center V2,Line B,2026-02-13 19:17:01,maintenance_event,ME-001,"Routine PM per 500 h interval: inspection, lubrication, filter replacement",CNC-004-SEN-VIB,Vibration Sensor,2.29,preventive,Calibrated all installed sensors against reference standards,97,MNT-002 (Kobayashi R.),2026-02-13 21:53:01,closed,770.01,Scheduled PM as per 500-hour maintenance plan
INC-0040,CNC-003,CNC Machining Center,Line B,2026-02-13 23:00:45,machine_failure,MF-003,Hydraulic pressure dropped below minimum threshold; seal failure identified,CNC-003-SEN-TEMP,Spindle Temperature Sensor,17.38,corrective,Replaced hydraulic seals on main ram; pressure tested to 250 bar – no leaks,278,OPR-002 (Suzuki M.),2026-02-14 04:09:45,closed,8709.85,Power grid voltage sag event caused PLC reset and control fault
INC-0041,CNC-004,CNC Machining Center V2,Line B,2026-02-14 00:05:17,maintenance_event,ME-001,"Routine PM per 500 h interval: inspection, lubrication, filter replacement",CNC-004-SEN-VIB,Vibration Sensor,2.99,preventive,Cleaned coolant tank; replaced coolant and checked pump operation,191,CMMS-AUTO,2026-02-14 03:28:17,closed,1017.7,Scheduled quarterly maintenance per annual maintenance calendar
INC-0042,CNC-001,CNC Machining Center,Line A,2026-02-15 23:22:24,maintenance_event,ME-006,CMMS-triggered early maintenance based on vibration trend alert,CNC-001-SEN-SPIN,Spindle Speed Sensor,4783.19,preventive,Updated PLC firmware to v3.2.1; verified all I/O signal functionality,185,MNT-002 (Kobayashi R.),2026-02-16 02:36:24,closed,250.09,Operator-initiated inspection following anomaly observation
INC-0043,ROB-003,Robotic Arm KUKA KR 10,Line B,2026-02-17 11:33:00,maintenance_event,ME-004,Scheduled replacement of drive belt and chain per wear-life schedule,ROB-003-SEN-POS,Position Encoder,259.32,preventive,Calibrated all installed sensors against reference standards,112,MNT-002 (Kobayashi R.),2026-02-17 13:36:00,closed,856.48,Scheduled PM as per 500-hour maintenance plan
INC-0044,PUMP-001,Hydraulic Pump Parker H1,Utility Room,2026-02-18 22:57:22,sensor_anomaly,SA-005,Torque exceeded rated value by 25% for 200 ms; joint play suspected,PUMP-001-SEN-FLOW,Flow Rate Sensor,203.74,predictive,Pre-emptive seal replacement after continuous pressure-drop trend detected,44,OPR-002 (Suzuki M.),2026-02-19 00:21:22,closed,1021.69,Increased friction from bearing wear causing elevated current draw
INC-0045,ROB-004,Robotic Arm KUKA KR 10,Welding Station,2026-02-19 15:51:26,sensor_anomaly,SA-007,Encoder offset accumulating per cycle; calibration required,ROB-004-SEN-CUR,Drive Current Sensor,19.86,corrective,Replaced failed power supply unit; verified stable 24 VDC output,54,SCADA-SYSTEM,2026-02-19 17:10:26,closed,624.25,Sensor calibration drift after thermal cycling (>200 cycles since last cal.)
INC-0046,ROB-001,Robotic Arm FANUC M-20,Line A,2026-02-20 05:45:26,sensor_anomaly,SA-005,Torque exceeded rated value by 25% for 200 ms; joint play suspected,ROB-001-SEN-CUR,Drive Current Sensor,22.18,corrective,Cleared spindle jam; replaced broken cutting tool; re-zeroed workpiece,80,CMMS-AUTO,2026-02-20 07:47:26,closed,945.46,Increased friction from bearing wear causing elevated current draw
INC-0047,PUMP-001,Hydraulic Pump Parker H1,Utility Room,2026-02-20 09:13:28,sensor_anomaly,SA-001,Sensor value 15% above normal range; possible early-stage overheating,PUMP-001-SEN-TEMP,Oil Temperature Sensor,25.7,corrective,Replaced failed bearing (SKF 6205-2RS); re-greased and verified alignment,50,SCADA-SYSTEM,2026-02-20 10:58:28,closed,3061.82,Sensor calibration drift after thermal cycling (>200 cycles since last cal.)
INC-0048,CONV-002,Conveyor Belt System,Line B,2026-02-21 10:29:01,maintenance_event,ME-003,"Full sensor calibration, safety relay test, and emergency stop verification",CONV-002-SEN-SPEED,Belt Speed Sensor,0.7,preventive,Cleaned coolant tank; replaced coolant and checked pump operation,183,MNT-001 (Sato T.),2026-02-21 14:27:01,closed,774.01,Annual statutory safety inspection requirement
INC-0049,CNC-003,CNC Machining Center,Line B,2026-02-21 17:57:59,machine_failure,MF-005,Spindle locked due to chip accumulation; axis collision error E-5021,CNC-003-SEN-COOL,Coolant Flow Sensor,6.19,corrective,Replaced failed power supply unit; verified stable 24 VDC output,321,SCADA-SYSTEM,2026-02-21 23:28:59,resolved,4597.88,Sustained overload during night shift exceeded rated capacity by 20%
INC-0050,COMP-001,Air Compressor Atlas Copco,Utility Room,2026-02-21 18:21:47,sensor_anomaly,SA-006,Current 30% above rated value; potential mechanical resistance increase,COMP-001-SEN-CUR,Motor Current Sensor,2.52,predictive,Replaced motor insulation based on IR thermography hot-spot finding,46,OPR-001 (Tanaka K.),2026-02-21 19:44:47,closed,2501.74,Repeated thermal shock to sensor mount loosened connection
INC-0051,ROB-002,Robotic Arm FANUC M-20,Line A,2026-02-22 01:20:53,maintenance_event,ME-004,Scheduled replacement of drive belt and chain per wear-life schedule,ROB-002-SEN-TORQ,Joint Torque Sensor,46.95,preventive,Updated PLC firmware to v3.2.1; verified all I/O signal functionality,85,MNT-001 (Sato T.),2026-02-22 03:19:53,closed,1227.31,Annual statutory safety inspection requirement
INC-0052,CNC-005,CNC Machining Center V2,Line B,2026-02-22 12:53:03,maintenance_event,ME-003,"Full sensor calibration, safety relay test, and emergency stop verification",CNC-005-SEN-SPIN,Spindle Speed Sensor,4622.58,preventive,Tightened all electrical terminal blocks; replaced degraded cable ties,108,MNT-002 (Kobayashi R.),2026-02-22 15:13:03,closed,553.32,CMMS-generated work order based on predictive alert threshold breach
INC-0053,PRESS-001,Hydraulic Press 100T,Line A,2026-02-24 08:34:55,maintenance_event,ME-006,CMMS-triggered early maintenance based on vibration trend alert,PRESS-001-SEN-TEMP,Oil Temperature Sensor,64.75,preventive,Calibrated all installed sensors against reference standards,116,CMMS-AUTO,2026-02-24 10:39:55,closed,749.26,Operator-initiated inspection following anomaly observation
INC-0054,COMP-001,Air Compressor Atlas Copco,Utility Room,2026-02-24 19:21:57,sensor_anomaly,SA-004,Flow rate dropped below 80% of nominal; filter clogging suspected,COMP-001-SEN-CUR,Motor Current Sensor,57.72,corrective,Replaced hydraulic seals on main ram; pressure tested to 250 bar – no leaks,68,SCADA-SYSTEM,2026-02-24 21:20:57,closed,1283.7,Sensor calibration drift after thermal cycling (>200 cycles since last cal.)
INC-0055,CNC-003,CNC Machining Center,Line B,2026-02-26 00:21:03,machine_failure,MF-003,Hydraulic pressure dropped below minimum threshold; seal failure identified,CNC-003-SEN-SPIN,Spindle Speed Sensor,-266.35,corrective,Replaced failed power supply unit; verified stable 24 VDC output,268,SCADA-SYSTEM,2026-02-26 05:32:03,closed,3217.52,Lubrication interval overrun by 40 hours; accelerated bearing wear
INC-0056,ROB-003,Robotic Arm KUKA KR 10,Line B,2026-02-26 04:45:38,maintenance_event,ME-005,"Thermal imaging scan of control cabinet; tightened terminals, replaced fuse",ROB-003-SEN-POS,Position Encoder,231.64,preventive,Inspected and replaced worn drive belt; adjusted belt tension to 350 N,47,MNT-001 (Sato T.),2026-02-26 06:20:38,closed,754.95,Annual statutory safety inspection requirement
INC-0057,COMP-002,Air Compressor Atlas Copco,Utility Room,2026-02-27 16:12:09,maintenance_event,ME-001,"Routine PM per 500 h interval: inspection, lubrication, filter replacement",COMP-002-SEN-TEMP,Discharge Air Temp Sensor,44.17,preventive,Cleaned coolant tank; replaced coolant and checked pump operation,134,CMMS-AUTO,2026-02-27 19:06:09,closed,489.75,Scheduled PM as per 500-hour maintenance plan
INC-0058,ROB-001,Robotic Arm FANUC M-20,Line A,2026-02-28 03:45:33,maintenance_event,ME-005,"Thermal imaging scan of control cabinet; tightened terminals, replaced fuse",ROB-001-SEN-POS,Position Encoder,148.56,preventive,Tightened all electrical terminal blocks; replaced degraded cable ties,30,CMMS-AUTO,2026-02-28 04:47:33,closed,332.64,Annual statutory safety inspection requirement
INC-0059,CNC-004,CNC Machining Center V2,Line B,2026-02-28 06:58:14,maintenance_event,ME-004,Scheduled replacement of drive belt and chain per wear-life schedule,CNC-004-SEN-COOL,Coolant Flow Sensor,14.19,preventive,Inspected and replaced worn drive belt; adjusted belt tension to 350 N,191,CMMS-AUTO,2026-02-28 10:57:14,closed,1205.84,Annual statutory safety inspection requirement
INC-0060,ROB-004,Robotic Arm KUKA KR 10,Welding Station,2026-03-01 09:13:19,machine_failure,MF-010,Cavitation noise and pressure fluctuation; pump efficiency dropped to 40%,ROB-004-SEN-TORQ,Joint Torque Sensor,151.35,predictive,Replaced position encoder after drift trend identified; recalibrated zero point,359,OPR-001 (Tanaka K.),2026-03-01 16:00:19,closed,1863.67,Operator error: incorrect tool offset entered; tool collision with fixture
INC-0061,CONV-002,Conveyor Belt System,Line B,2026-03-02 00:09:05,maintenance_event,ME-004,Scheduled replacement of drive belt and chain per wear-life schedule,CONV-002-SEN-VIB,Vibration Sensor,5.16,preventive,Calibrated all installed sensors against reference standards,71,CMMS-AUTO,2026-03-02 02:16:05,closed,747.36,CMMS-generated work order based on predictive alert threshold breach
INC-0062,CONV-002,Conveyor Belt System,Line B,2026-03-02 23:57:17,sensor_anomaly,SA-008,Speed dropping 10–15% intermittently; belt slippage on drive pulley,CONV-002-SEN-TEMP,Motor Temperature Sensor,88.83,predictive,Performed proactive bearing replacement based on vibration trend analysis,2,SCADA-SYSTEM,2026-03-03 00:20:17,closed,2308.6,Oil mist contamination of sensor housing reducing measurement accuracy
INC-0063,CONV-002,Conveyor Belt System,Line B,2026-03-04 16:46:55,maintenance_event,ME-003,"Full sensor calibration, safety relay test, and emergency stop verification",CONV-002-SEN-VIB,Vibration Sensor,3.68,preventive,Cleaned coolant tank; replaced coolant and checked pump operation,62,MNT-002 (Kobayashi R.),2026-03-04 18:37:55,closed,1344.53,Annual statutory safety inspection requirement
INC-0064,CNC-003,CNC Machining Center,Line B,2026-03-04 16:51:11,machine_failure,MF-009,Unusual grinding noise from gearbox; inspection revealed worn gear teeth,CNC-003-SEN-VIB,Vibration Sensor,-0.51,corrective,Replaced burnt motor winding; realigned coupling and performed test run,360,OPR-003 (Yamamoto H.),2026-03-04 23:32:11,closed,8378.73,Power grid voltage sag event caused PLC reset and control fault
INC-0065,ROB-004,Robotic Arm KUKA KR 10,Welding Station,2026-03-05 19:42:57,machine_failure,MF-004,Main drive belt snapped under load; machine halted unexpectedly,ROB-004-SEN-TORQ,Joint Torque Sensor,139.83,corrective,Replaced gearbox assembly; refilled gear oil; verified noise level,427,OPR-001 (Tanaka K.),2026-03-06 03:21:57,closed,5526.39,Age-related insulation breakdown in motor winding (10-year-old unit)
INC-0066,CONV-003,Roller Conveyor,Packaging Area,2026-03-09 22:42:29,sensor_anomaly,SA-004,Flow rate dropped below 80% of nominal; filter clogging suspected,CONV-003-SEN-TEMP,Motor Temperature Sensor,83.64,predictive,Performed proactive bearing replacement based on vibration trend analysis,32,SCADA-SYSTEM,2026-03-09 23:31:29,closed,374.32,Progressive mechanical wear producing detectable vibration signature
INC-0067,COMP-002,Air Compressor Atlas Copco,Utility Room,2026-03-10 06:57:17,maintenance_event,ME-004,Scheduled replacement of drive belt and chain per wear-life schedule,COMP-002-SEN-PRES,Discharge Pressure Sensor,7.3,preventive,Cleaned coolant tank; replaced coolant and checked pump operation,219,MNT-001 (Sato T.),2026-03-10 10:46:17,closed,357.84,Annual statutory safety inspection requirement
INC-0068,COMP-002,Air Compressor Atlas Copco,Utility Room,2026-03-10 13:44:23,maintenance_event,ME-004,Scheduled replacement of drive belt and chain per wear-life schedule,COMP-002-SEN-CUR,Motor Current Sensor,33.8,preventive,Cleaned coolant tank; replaced coolant and checked pump operation,113,MNT-001 (Sato T.),2026-03-10 15:49:23,closed,283.3,Annual statutory safety inspection requirement
INC-0069,COMP-001,Air Compressor Atlas Copco,Utility Room,2026-03-11 08:17:01,machine_failure,MF-004,Main drive belt snapped under load; machine halted unexpectedly,COMP-001-SEN-VIB,Bearing Vibration Sensor,9.26,corrective,Replaced failed power supply unit; verified stable 24 VDC output,176,OPR-003 (Yamamoto H.),2026-03-11 12:06:01,closed,11908.02,Coolant contamination (metal fines) clogged filter; coolant starvation
INC-0070,PUMP-001,Hydraulic Pump Parker H1,Utility Room,2026-03-13 03:15:07,sensor_anomaly,SA-006,Current 30% above rated value; potential mechanical resistance increase,PUMP-001-SEN-TEMP,Oil Temperature Sensor,26.47,predictive,Performed proactive bearing replacement based on vibration trend analysis,4,CMMS-AUTO,2026-03-13 03:32:07,closed,1750.07,Progressive mechanical wear producing detectable vibration signature
INC-0071,PUMP-001,Hydraulic Pump Parker H1,Utility Room,2026-03-13 18:21:34,maintenance_event,ME-005,"Thermal imaging scan of control cabinet; tightened terminals, replaced fuse",PUMP-001-SEN-FLOW,Flow Rate Sensor,108.88,preventive,Calibrated all installed sensors against reference standards,204,MNT-002 (Kobayashi R.),2026-03-13 22:33:34,closed,451.61,Scheduled quarterly maintenance per annual maintenance calendar
INC-0072,PUMP-002,Hydraulic Pump Parker H1,Utility Room,2026-03-14 04:37:15,machine_failure,MF-002,Vibration amplitude exceeded 12 mm/s; bearing cage fracture confirmed,PUMP-002-SEN-PRES,Hydraulic Pressure Sensor,315.6,predictive,Performed proactive bearing replacement based on vibration trend analysis,191,OPR-003 (Yamamoto H.),2026-03-14 08:19:15,closed,2262.36,Power grid voltage sag event caused PLC reset and control fault
INC-0073,ROB-003,Robotic Arm KUKA KR 10,Line B,2026-03-14 09:27:09,machine_failure,MF-010,Cavitation noise and pressure fluctuation; pump efficiency dropped to 40%,ROB-003-SEN-CUR,Drive Current Sensor,21.39,corrective,Cleared spindle jam; replaced broken cutting tool; re-zeroed workpiece,146,OPR-003 (Yamamoto H.),2026-03-14 12:22:09,closed,1939.78,Operator error: incorrect tool offset entered; tool collision with fixture
INC-0074,PRESS-001,Hydraulic Press 100T,Line A,2026-03-17 02:31:43,machine_failure,MF-009,Unusual grinding noise from gearbox; inspection revealed worn gear teeth,PRESS-001-SEN-PRES,Cylinder Pressure Sensor,29.7,corrective,Replaced burnt motor winding; realigned coupling and performed test run,376,SCADA-SYSTEM,2026-03-17 09:31:43,resolved,8789.34,Age-related insulation breakdown in motor winding (10-year-old unit)
INC-0075,CONV-001,Conveyor Belt System,Line A,2026-03-18 00:45:29,machine_failure,MF-004,Main drive belt snapped under load; machine halted unexpectedly,CONV-001-SEN-VIB,Vibration Sensor,8.72,corrective,Reset PLC fault; replaced faulty I/O module (DI card slot 3),318,SCADA-SYSTEM,2026-03-18 06:23:29,closed,7707.46,Age-related insulation breakdown in motor winding (10-year-old unit)
INC-0076,CONV-002,Conveyor Belt System,Line B,2026-03-18 14:57:38,maintenance_event,ME-005,"Thermal imaging scan of control cabinet; tightened terminals, replaced fuse",CONV-002-SEN-TENS,Belt Tension Sensor,328.13,preventive,Updated PLC firmware to v3.2.1; verified all I/O signal functionality,128,MNT-001 (Sato T.),2026-03-18 17:15:38,closed,488.51,Scheduled PM as per 500-hour maintenance plan
INC-0077,COMP-001,Air Compressor Atlas Copco,Utility Room,2026-03-19 06:36:36,maintenance_event,ME-003,"Full sensor calibration, safety relay test, and emergency stop verification",COMP-001-SEN-VIB,Bearing Vibration Sensor,1.67,preventive,Calibrated all installed sensors against reference standards,76,MNT-002 (Kobayashi R.),2026-03-19 08:44:36,resolved,1108.4,Operator-initiated inspection following anomaly observation
INC-0078,ROB-003,Robotic Arm KUKA KR 10,Line B,2026-03-19 08:02:20,maintenance_event,ME-006,CMMS-triggered early maintenance based on vibration trend alert,ROB-003-SEN-POS,Position Encoder,180.87,preventive,Updated PLC firmware to v3.2.1; verified all I/O signal functionality,59,MNT-001 (Sato T.),2026-03-19 09:32:20,closed,1214.62,CMMS-generated work order based on predictive alert threshold breach
INC-0079,PRESS-002,Hydraulic Press 200T,Line B,2026-03-19 18:43:56,sensor_anomaly,SA-003,Pressure 18% below setpoint; potential minor seal weepage detected,PRESS-002-SEN-STR,Ram Stroke Position Sensor,-24.58,predictive,Early oil change triggered by particle count exceeding 18/16/13 (ISO 4406),62,OPR-002 (Suzuki M.),2026-03-19 20:30:56,closed,2211.09,Partial cable insulation damage caused by coolant splash
INC-0080,COMP-001,Air Compressor Atlas Copco,Utility Room,2026-03-20 22:29:54,machine_failure,MF-007,Coolant flow dropped to zero; machining halted to prevent thermal damage,COMP-001-SEN-VIB,Bearing Vibration Sensor,-0.2,corrective,Replaced gearbox assembly; refilled gear oil; verified noise level,477,OPR-001 (Tanaka K.),2026-03-21 06:58:54,closed,5156.21,Excessive side load on spindle during roughing operation
INC-0081,CNC-002,CNC Machining Center,Line A,2026-03-21 09:28:29,machine_failure,MF-010,Cavitation noise and pressure fluctuation; pump efficiency dropped to 40%,CNC-002-SEN-COOL,Coolant Flow Sensor,38.49,predictive,Performed proactive bearing replacement based on vibration trend analysis,393,OPR-001 (Tanaka K.),2026-03-21 16:52:29,resolved,7539.66,Age-related insulation breakdown in motor winding (10-year-old unit)
INC-0082,PUMP-002,Hydraulic Pump Parker H1,Utility Room,2026-03-21 13:29:03,maintenance_event,ME-004,Scheduled replacement of drive belt and chain per wear-life schedule,PUMP-002-SEN-VIB,Vibration Sensor,3.57,preventive,Updated PLC firmware to v3.2.1; verified all I/O signal functionality,189,MNT-002 (Kobayashi R.),2026-03-21 17:38:03,closed,303.36,Annual statutory safety inspection requirement
INC-0083,CNC-004,CNC Machining Center V2,Line B,2026-03-23 19:16:02,machine_failure,MF-010,Cavitation noise and pressure fluctuation; pump efficiency dropped to 40%,CNC-004-SEN-TEMP,Spindle Temperature Sensor,19.97,predictive,Early oil change triggered by particle count exceeding 18/16/13 (ISO 4406),70,OPR-003 (Yamamoto H.),2026-03-23 20:47:02,closed,2755.92,Power grid voltage sag event caused PLC reset and control fault
INC-0084,PUMP-001,Hydraulic Pump Parker H1,Utility Room,2026-03-23 21:39:16,maintenance_event,ME-003,"Full sensor calibration, safety relay test, and emergency stop verification",PUMP-001-SEN-TEMP,Oil Temperature Sensor,51.08,preventive,Inspected and replaced worn drive belt; adjusted belt tension to 350 N,202,CMMS-AUTO,2026-03-24 01:11:16,closed,967.47,Scheduled quarterly maintenance per annual maintenance calendar
INC-0085,ROB-002,Robotic Arm FANUC M-20,Line A,2026-03-24 11:24:23,maintenance_event,ME-006,CMMS-triggered early maintenance based on vibration trend alert,ROB-002-SEN-TEMP,Motor Temperature Sensor,67.97,preventive,Calibrated all installed sensors against reference standards,192,CMMS-AUTO,2026-03-24 15:35:23,closed,1209.7,Operator-initiated inspection following anomaly observation
INC-0086,PUMP-001,Hydraulic Pump Parker H1,Utility Room,2026-03-25 01:50:44,sensor_anomaly,SA-001,Sensor value 15% above normal range; possible early-stage overheating,PUMP-001-SEN-TEMP,Oil Temperature Sensor,26.98,predictive,Pre-emptive seal replacement after continuous pressure-drop trend detected,70,OPR-002 (Suzuki M.),2026-03-25 03:22:44,closed,2021.75,Sensor calibration drift after thermal cycling (>200 cycles since last cal.)
INC-0087,CNC-005,CNC Machining Center V2,Line B,2026-03-25 02:25:55,maintenance_event,ME-004,Scheduled replacement of drive belt and chain per wear-life schedule,CNC-005-SEN-TEMP,Spindle Temperature Sensor,52.29,preventive,Updated PLC firmware to v3.2.1; verified all I/O signal functionality,33,CMMS-AUTO,2026-03-25 03:12:55,resolved,1136.43,Scheduled PM as per 500-hour maintenance plan
INC-0088,COMP-001,Air Compressor Atlas Copco,Utility Room,2026-03-26 13:37:32,sensor_anomaly,SA-003,Pressure 18% below setpoint; potential minor seal weepage detected,COMP-001-SEN-CUR,Motor Current Sensor,2.16,predictive,Early oil change triggered by particle count exceeding 18/16/13 (ISO 4406),38,CMMS-AUTO,2026-03-26 15:14:32,closed,2822.02,Oil mist contamination of sensor housing reducing measurement accuracy
INC-0089,COMP-001,Air Compressor Atlas Copco,Utility Room,2026-03-27 03:58:35,sensor_anomaly,SA-001,Sensor value 15% above normal range; possible early-stage overheating,COMP-001-SEN-PRES,Discharge Pressure Sensor,10.92,corrective,Replaced failed bearing (SKF 6205-2RS); re-greased and verified alignment,64,CMMS-AUTO,2026-03-27 05:59:35,closed,2893.48,Sensor calibration drift after thermal cycling (>200 cycles since last cal.)
INC-0090,PUMP-001,Hydraulic Pump Parker H1,Utility Room,2026-03-28 04:26:06,maintenance_event,ME-005,"Thermal imaging scan of control cabinet; tightened terminals, replaced fuse",PUMP-001-SEN-PRES,Hydraulic Pressure Sensor,169.76,preventive,Updated PLC firmware to v3.2.1; verified all I/O signal functionality,159,MNT-002 (Kobayashi R.),2026-03-28 07:28:06,closed,1557.9,Operator-initiated inspection following anomaly observation
INC-0091,CONV-001,Conveyor Belt System,Line A,2026-03-29 12:13:00,maintenance_event,ME-005,"Thermal imaging scan of control cabinet; tightened terminals, replaced fuse",CONV-001-SEN-TENS,Belt Tension Sensor,173.11,preventive,Inspected and replaced worn drive belt; adjusted belt tension to 350 N,66,MNT-001 (Sato T.),2026-03-29 13:37:00,closed,1385.97,Scheduled quarterly maintenance per annual maintenance calendar
INC-0092,CNC-003,CNC Machining Center,Line B,2026-03-29 13:00:22,machine_failure,MF-005,Spindle locked due to chip accumulation; axis collision error E-5021,CNC-003-SEN-TEMP,Spindle Temperature Sensor,18.2,corrective,Cleared spindle jam; replaced broken cutting tool; re-zeroed workpiece,127,OPR-001 (Tanaka K.),2026-03-29 15:59:22,closed,10261.9,Coolant contamination (metal fines) clogged filter; coolant starvation
INC-0093,PRESS-002,Hydraulic Press 200T,Line B,2026-03-29 20:21:52,sensor_anomaly,SA-002,Vibration RMS increasing week-over-week; bearing wear suspected,PRESS-002-SEN-TEMP,Oil Temperature Sensor,25.68,predictive,Replaced motor insulation based on IR thermography hot-spot finding,11,OPR-001 (Tanaka K.),2026-03-29 21:05:52,closed,1948.95,Increased friction from bearing wear causing elevated current draw
INC-0094,COMP-002,Air Compressor Atlas Copco,Utility Room,2026-03-30 21:49:01,maintenance_event,ME-006,CMMS-triggered early maintenance based on vibration trend alert,COMP-002-SEN-TEMP,Discharge Air Temp Sensor,53.12,preventive,Tightened all electrical terminal blocks; replaced degraded cable ties,197,CMMS-AUTO,2026-03-31 01:23:01,closed,448.49,Operator-initiated inspection following anomaly observation
INC-0095,CNC-003,CNC Machining Center,Line B,2026-04-01 09:05:17,machine_failure,MF-009,Unusual grinding noise from gearbox; inspection revealed worn gear teeth,CNC-003-SEN-SPIN,Spindle Speed Sensor,10286.35,corrective,Replaced failed bearing (SKF 6205-2RS); re-greased and verified alignment,386,OPR-001 (Tanaka K.),2026-04-01 16:28:17,closed,12961.22,Operator error: incorrect tool offset entered; tool collision with fixture
INC-0096,ROB-004,Robotic Arm KUKA KR 10,Welding Station,2026-04-02 03:04:30,sensor_anomaly,SA-007,Encoder offset accumulating per cycle; calibration required,ROB-004-SEN-CUR,Drive Current Sensor,0.07,predictive,Performed proactive bearing replacement based on vibration trend analysis,36,SCADA-SYSTEM,2026-04-02 04:28:30,closed,2057.63,Oil mist contamination of sensor housing reducing measurement accuracy
INC-0097,CNC-003,CNC Machining Center,Line B,2026-04-02 03:36:50,machine_failure,MF-004,Main drive belt snapped under load; machine halted unexpectedly,CNC-003-SEN-COOL,Coolant Flow Sensor,38.43,corrective,Replaced hydraulic seals on main ram; pressure tested to 250 bar – no leaks,190,OPR-003 (Yamamoto H.),2026-04-02 07:23:50,closed,9230.28,Hydraulic fluid degraded beyond acceptable viscosity index
INC-0098,CNC-003,CNC Machining Center,Line B,2026-04-02 05:32:29,maintenance_event,ME-005,"Thermal imaging scan of control cabinet; tightened terminals, replaced fuse",CNC-003-SEN-COOL,Coolant Flow Sensor,22.26,preventive,Tightened all electrical terminal blocks; replaced degraded cable ties,134,CMMS-AUTO,2026-04-02 08:01:29,closed,597.31,CMMS-generated work order based on predictive alert threshold breach
INC-0099,PUMP-002,Hydraulic Pump Parker H1,Utility Room,2026-04-04 23:50:06,maintenance_event,ME-005,"Thermal imaging scan of control cabinet; tightened terminals, replaced fuse",PUMP-002-SEN-PRES,Hydraulic Pressure Sensor,177.06,preventive,Updated PLC firmware to v3.2.1; verified all I/O signal functionality,226,MNT-001 (Sato T.),2026-04-05 04:00:06,closed,1028.64,Annual statutory safety inspection requirement
INC-0100,PRESS-001,Hydraulic Press 100T,Line A,2026-04-05 04:47:05,maintenance_event,ME-005,"Thermal imaging scan of control cabinet; tightened terminals, replaced fuse",PRESS-001-SEN-TEMP,Oil Temperature Sensor,68.29,preventive,Updated PLC firmware to v3.2.1; verified all I/O signal functionality,224,MNT-002 (Kobayashi R.),2026-04-05 08:55:05,closed,469.88,Scheduled quarterly maintenance per annual maintenance calendar
INC-0101,PRESS-001,Hydraulic Press 100T,Line A,2026-04-05 22:18:55,maintenance_event,ME-006,CMMS-triggered early maintenance based on vibration trend alert,PRESS-001-SEN-TEMP,Oil Temperature Sensor,54.78,preventive,Inspected and replaced worn drive belt; adjusted belt tension to 350 N,232,CMMS-AUTO,2026-04-06 02:59:55,resolved,924.34,Scheduled quarterly maintenance per annual maintenance calendar
INC-0102,CONV-003,Roller Conveyor,Packaging Area,2026-04-06 17:56:24,machine_failure,MF-009,Unusual grinding noise from gearbox; inspection revealed worn gear teeth,CONV-003-SEN-TEMP,Motor Temperature Sensor,19.15,corrective,Replaced burnt motor winding; realigned coupling and performed test run,438,OPR-003 (Yamamoto H.),2026-04-07 01:27:24,closed,7528.56,Coolant contamination (metal fines) clogged filter; coolant starvation
INC-0103,ROB-002,Robotic Arm FANUC M-20,Line A,2026-04-07 23:42:13,maintenance_event,ME-002,Hydraulic oil sample analysis and change; all lubrication points serviced,ROB-002-SEN-POS,Position Encoder,173.07,preventive,Cleaned coolant tank; replaced coolant and checked pump operation,68,MNT-002 (Kobayashi R.),2026-04-08 01:33:13,closed,428.35,Operator-initiated inspection following anomaly observation
INC-0104,CNC-002,CNC Machining Center,Line A,2026-04-08 03:12:49,sensor_anomaly,SA-007,Encoder offset accumulating per cycle; calibration required,CNC-002-SEN-VIB,Vibration Sensor,-0.07,predictive,Pre-emptive seal replacement after continuous pressure-drop trend detected,59,OPR-001 (Tanaka K.),2026-04-08 05:11:49,closed,2063.05,Oil mist contamination of sensor housing reducing measurement accuracy
INC-0105,PRESS-001,Hydraulic Press 100T,Line A,2026-04-08 18:04:41,maintenance_event,ME-001,"Routine PM per 500 h interval: inspection, lubrication, filter replacement",PRESS-001-SEN-STR,Ram Stroke Position Sensor,291.6,preventive,Cleaned coolant tank; replaced coolant and checked pump operation,101,CMMS-AUTO,2026-04-08 19:54:41,closed,1146.9,Scheduled PM as per 500-hour maintenance plan
INC-0106,PRESS-001,Hydraulic Press 100T,Line A,2026-04-10 00:52:34,maintenance_event,ME-001,"Routine PM per 500 h interval: inspection, lubrication, filter replacement",PRESS-001-SEN-FORCE,Press Force Sensor,405.59,preventive,Performed full lubrication of all bearing points and guide rails,49,CMMS-AUTO,2026-04-10 02:39:34,closed,649.43,Scheduled quarterly maintenance per annual maintenance calendar
INC-0107,ROB-001,Robotic Arm FANUC M-20,Line A,2026-04-11 18:36:29,maintenance_event,ME-001,"Routine PM per 500 h interval: inspection, lubrication, filter replacement",ROB-001-SEN-POS,Position Encoder,129.16,preventive,Inspected and replaced worn drive belt; adjusted belt tension to 350 N,102,CMMS-AUTO,2026-04-11 21:05:29,resolved,640.76,Operator-initiated inspection following anomaly observation
INC-0108,CNC-004,CNC Machining Center V2,Line B,2026-04-12 06:38:06,maintenance_event,ME-003,"Full sensor calibration, safety relay test, and emergency stop verification",CNC-004-SEN-VIB,Vibration Sensor,4.26,preventive,Inspected and replaced worn drive belt; adjusted belt tension to 350 N,224,CMMS-AUTO,2026-04-12 10:43:06,closed,413.0,Scheduled PM as per 500-hour maintenance plan
INC-0109,COMP-002,Air Compressor Atlas Copco,Utility Room,2026-04-13 12:51:49,maintenance_event,ME-006,CMMS-triggered early maintenance based on vibration trend alert,COMP-002-SEN-CUR,Motor Current Sensor,13.2,preventive,Cleaned coolant tank; replaced coolant and checked pump operation,79,MNT-001 (Sato T.),2026-04-13 15:08:49,resolved,776.55,CMMS-generated work order based on predictive alert threshold breach
INC-0110,CNC-001,CNC Machining Center,Line A,2026-04-14 10:07:34,sensor_anomaly,SA-001,Sensor value 15% above normal range; possible early-stage overheating,CNC-001-SEN-VIB,Vibration Sensor,11.33,predictive,Pre-emptive seal replacement after continuous pressure-drop trend detected,75,OPR-001 (Tanaka K.),2026-04-14 11:44:34,closed,1626.07,EMI from adjacent inverter drive affecting analog signal quality
INC-0111,ROB-002,Robotic Arm FANUC M-20,Line A,2026-04-14 21:13:44,maintenance_event,ME-003,"Full sensor calibration, safety relay test, and emergency stop verification",ROB-002-SEN-TEMP,Motor Temperature Sensor,45.78,preventive,Inspected and replaced worn drive belt; adjusted belt tension to 350 N,234,MNT-002 (Kobayashi R.),2026-04-15 01:49:44,closed,646.07,Operator-initiated inspection following anomaly observation
INC-0112,CONV-003,Roller Conveyor,Packaging Area,2026-04-15 01:58:25,maintenance_event,ME-002,Hydraulic oil sample analysis and change; all lubrication points serviced,CONV-003-SEN-SPEED,Roller Speed Sensor,1.9,preventive,Calibrated all installed sensors against reference standards,55,MNT-001 (Sato T.),2026-04-15 03:13:25,closed,494.46,Annual statutory safety inspection requirement
INC-0113,PUMP-001,Hydraulic Pump Parker H1,Utility Room,2026-04-16 06:58:52,maintenance_event,ME-005,"Thermal imaging scan of control cabinet; tightened terminals, replaced fuse",PUMP-001-SEN-PRES,Hydraulic Pressure Sensor,148.29,preventive,Cleaned coolant tank; replaced coolant and checked pump operation,51,MNT-002 (Kobayashi R.),2026-04-16 08:11:52,closed,1806.17,Annual statutory safety inspection requirement
INC-0114,CNC-002,CNC Machining Center,Line A,2026-04-19 17:35:26,maintenance_event,ME-002,Hydraulic oil sample analysis and change; all lubrication points serviced,CNC-002-SEN-VIB,Vibration Sensor,5.69,preventive,Tightened all electrical terminal blocks; replaced degraded cable ties,62,CMMS-AUTO,2026-04-19 18:58:26,closed,1172.05,Scheduled quarterly maintenance per annual maintenance calendar
INC-0115,CNC-002,CNC Machining Center,Line A,2026-04-21 06:19:20,machine_failure,MF-001,Motor temperature exceeded 95°C; thermal protection relay activated,CNC-002-SEN-TEMP,Spindle Temperature Sensor,107.26,corrective,Replaced gearbox assembly; refilled gear oil; verified noise level,291,OPR-003 (Yamamoto H.),2026-04-21 11:28:20,closed,7667.81,Power grid voltage sag event caused PLC reset and control fault
INC-0116,CNC-003,CNC Machining Center,Line B,2026-04-21 15:45:04,machine_failure,MF-008,"X-axis servo fault; position error exceeded 0.5 mm, emergency stop",CNC-003-SEN-COOL,Coolant Flow Sensor,5.42,corrective,Replaced failed bearing (SKF 6205-2RS); re-greased and verified alignment,436,OPR-002 (Suzuki M.),2026-04-21 23:42:04,closed,1907.19,Power grid voltage sag event caused PLC reset and control fault
INC-0117,CONV-002,Conveyor Belt System,Line B,2026-04-21 22:36:20,maintenance_event,ME-005,"Thermal imaging scan of control cabinet; tightened terminals, replaced fuse",CONV-002-SEN-SPEED,Belt Speed Sensor,1.28,preventive,Cleaned coolant tank; replaced coolant and checked pump operation,31,MNT-002 (Kobayashi R.),2026-04-21 23:52:20,closed,576.25,Scheduled PM as per 500-hour maintenance plan
INC-0118,ROB-002,Robotic Arm FANUC M-20,Line A,2026-04-23 06:05:45,sensor_anomaly,SA-001,Sensor value 15% above normal range; possible early-stage overheating,ROB-002-SEN-POS,Position Encoder,-25.82,corrective,Replaced gearbox assembly; refilled gear oil; verified noise level,15,OPR-002 (Suzuki M.),2026-04-23 07:06:45,closed,1659.28,EMI from adjacent inverter drive affecting analog signal quality
INC-0119,PUMP-001,Hydraulic Pump Parker H1,Utility Room,2026-04-25 10:11:37,machine_failure,MF-005,Spindle locked due to chip accumulation; axis collision error E-5021,PUMP-001-SEN-TEMP,Oil Temperature Sensor,22.76,corrective,Replaced failed bearing (SKF 6205-2RS); re-greased and verified alignment,387,OPR-001 (Tanaka K.),2026-04-25 17:16:37,closed,4254.75,Chip accumulation not cleared due to broken chip conveyor
INC-0120,CNC-001,CNC Machining Center,Line A,2026-04-26 10:15:02,maintenance_event,ME-006,CMMS-triggered early maintenance based on vibration trend alert,CNC-001-SEN-SPIN,Spindle Speed Sensor,2581.82,preventive,Cleaned coolant tank; replaced coolant and checked pump operation,121,CMMS-AUTO,2026-04-26 13:02:02,closed,697.96,CMMS-generated work order based on predictive alert threshold breach
INC-0121,CNC-003,CNC Machining Center,Line B,2026-04-26 21:52:47,machine_failure,MF-004,Main drive belt snapped under load; machine halted unexpectedly,CNC-003-SEN-TEMP,Spindle Temperature Sensor,100.95,corrective,Repaired hydraulic pipe joint; purged air from system; tested at full pressure,206,SCADA-SYSTEM,2026-04-27 01:39:47,closed,10387.56,Operator error: incorrect tool offset entered; tool collision with fixture
INC-0122,CONV-002,Conveyor Belt System,Line B,2026-04-27 22:54:55,maintenance_event,ME-002,Hydraulic oil sample analysis and change; all lubrication points serviced,CONV-002-SEN-TEMP,Motor Temperature Sensor,42.86,preventive,Performed full lubrication of all bearing points and guide rails,177,MNT-001 (Sato T.),2026-04-28 02:18:55,closed,200.12,CMMS-generated work order based on predictive alert threshold breach
INC-0123,CNC-003,CNC Machining Center,Line B,2026-04-29 09:41:28,sensor_anomaly,SA-003,Pressure 18% below setpoint; potential minor seal weepage detected,CNC-003-SEN-COOL,Coolant Flow Sensor,6.96,corrective,Replaced failed bearing (SKF 6205-2RS); re-greased and verified alignment,45,OPR-002 (Suzuki M.),2026-04-29 10:44:28,closed,1366.46,Repeated thermal shock to sensor mount loosened connection
INC-0124,CNC-001,CNC Machining Center,Line A,2026-04-29 14:27:37,maintenance_event,ME-004,Scheduled replacement of drive belt and chain per wear-life schedule,CNC-001-SEN-SPIN,Spindle Speed Sensor,2611.94,preventive,Replaced hydraulic return filter and suction strainer; topped up fluid,150,CMMS-AUTO,2026-04-29 17:33:37,resolved,772.33,Operator-initiated inspection following anomaly observation
INC-0125,PUMP-002,Hydraulic Pump Parker H1,Utility Room,2026-05-03 08:10:20,sensor_anomaly,SA-002,Vibration RMS increasing week-over-week; bearing wear suspected,PUMP-002-SEN-FLOW,Flow Rate Sensor,8.54,predictive,Pre-emptive seal replacement after continuous pressure-drop trend detected,17,OPR-002 (Suzuki M.),2026-05-03 09:26:20,closed,1853.44,Increased friction from bearing wear causing elevated current draw
INC-0126,CNC-005,CNC Machining Center V2,Line B,2026-05-04 00:38:42,maintenance_event,ME-005,"Thermal imaging scan of control cabinet; tightened terminals, replaced fuse",CNC-005-SEN-VIB,Vibration Sensor,5.73,preventive,Cleaned coolant tank; replaced coolant and checked pump operation,135,CMMS-AUTO,2026-05-04 03:26:42,closed,677.34,Scheduled PM as per 500-hour maintenance plan
INC-0127,PRESS-002,Hydraulic Press 200T,Line B,2026-05-04 19:01:34,maintenance_event,ME-006,CMMS-triggered early maintenance based on vibration trend alert,PRESS-002-SEN-STR,Ram Stroke Position Sensor,149.75,preventive,Replaced hydraulic return filter and suction strainer; topped up fluid,220,CMMS-AUTO,2026-05-04 22:59:34,closed,791.84,Annual statutory safety inspection requirement
INC-0128,PUMP-001,Hydraulic Pump Parker H1,Utility Room,2026-05-05 08:06:16,sensor_anomaly,SA-006,Current 30% above rated value; potential mechanical resistance increase,PUMP-001-SEN-TEMP,Oil Temperature Sensor,26.22,corrective,Replaced failed power supply unit; verified stable 24 VDC output,64,OPR-001 (Tanaka K.),2026-05-05 10:08:16,closed,1879.21,Sensor calibration drift after thermal cycling (>200 cycles since last cal.)
INC-0129,PRESS-001,Hydraulic Press 100T,Line A,2026-05-05 12:56:44,machine_failure,MF-004,Main drive belt snapped under load; machine halted unexpectedly,PRESS-001-SEN-STR,Ram Stroke Position Sensor,591.2,corrective,Reset PLC fault; replaced faulty I/O module (DI card slot 3),187,OPR-002 (Suzuki M.),2026-05-05 16:56:44,closed,7339.71,Excessive side load on spindle during roughing operation
INC-0130,ROB-004,Robotic Arm KUKA KR 10,Welding Station,2026-05-05 17:36:20,sensor_anomaly,SA-001,Sensor value 15% above normal range; possible early-stage overheating,ROB-004-SEN-CUR,Drive Current Sensor,20.85,predictive,Pre-emptive seal replacement after continuous pressure-drop trend detected,51,OPR-001 (Tanaka K.),2026-05-05 18:59:20,closed,2733.43,Sensor calibration drift after thermal cycling (>200 cycles since last cal.)
INC-0131,ROB-004,Robotic Arm KUKA KR 10,Welding Station,2026-05-06 07:40:21,maintenance_event,ME-004,Scheduled replacement of drive belt and chain per wear-life schedule,ROB-004-SEN-CUR,Drive Current Sensor,4.45,preventive,Calibrated all installed sensors against reference standards,47,MNT-001 (Sato T.),2026-05-06 08:47:21,closed,1571.99,CMMS-generated work order based on predictive alert threshold breach
INC-0132,COMP-001,Air Compressor Atlas Copco,Utility Room,2026-05-06 15:23:17,machine_failure,MF-009,Unusual grinding noise from gearbox; inspection revealed worn gear teeth,COMP-001-SEN-CUR,Motor Current Sensor,58.07,corrective,Replaced failed power supply unit; verified stable 24 VDC output,252,OPR-001 (Tanaka K.),2026-05-06 20:09:17,closed,12160.19,Sustained overload during night shift exceeded rated capacity by 20%
INC-0133,COMP-001,Air Compressor Atlas Copco,Utility Room,2026-05-08 18:16:57,machine_failure,MF-004,Main drive belt snapped under load; machine halted unexpectedly,COMP-001-SEN-PRES,Discharge Pressure Sensor,11.17,corrective,Replaced failed power supply unit; verified stable 24 VDC output,75,OPR-001 (Tanaka K.),2026-05-08 20:15:57,closed,11561.48,Lubrication interval overrun by 40 hours; accelerated bearing wear
INC-0134,CONV-001,Conveyor Belt System,Line A,2026-05-08 21:28:04,maintenance_event,ME-003,"Full sensor calibration, safety relay test, and emergency stop verification",CONV-001-SEN-TENS,Belt Tension Sensor,286.6,preventive,Inspected and replaced worn drive belt; adjusted belt tension to 350 N,149,CMMS-AUTO,2026-05-09 00:06:04,closed,1165.69,Scheduled PM as per 500-hour maintenance plan
INC-0135,PRESS-002,Hydraulic Press 200T,Line B,2026-05-09 07:55:09,maintenance_event,ME-001,"Routine PM per 500 h interval: inspection, lubrication, filter replacement",PRESS-002-SEN-STR,Ram Stroke Position Sensor,275.62,preventive,Inspected and replaced worn drive belt; adjusted belt tension to 350 N,197,CMMS-AUTO,2026-05-09 11:40:09,closed,1242.79,Scheduled PM as per 500-hour maintenance plan
INC-0136,PRESS-002,Hydraulic Press 200T,Line B,2026-05-09 13:34:16,maintenance_event,ME-006,CMMS-triggered early maintenance based on vibration trend alert,PRESS-002-SEN-FORCE,Press Force Sensor,1323.53,preventive,Calibrated all installed sensors against reference standards,156,MNT-002 (Kobayashi R.),2026-05-09 16:40:16,closed,438.53,CMMS-generated work order based on predictive alert threshold breach
INC-0137,ROB-003,Robotic Arm KUKA KR 10,Line B,2026-05-09 16:11:48,maintenance_event,ME-004,Scheduled replacement of drive belt and chain per wear-life schedule,ROB-003-SEN-CUR,Drive Current Sensor,10.17,preventive,Performed full lubrication of all bearing points and guide rails,55,MNT-001 (Sato T.),2026-05-09 17:13:48,closed,189.9,Annual statutory safety inspection requirement
INC-0138,CNC-005,CNC Machining Center V2,Line B,2026-05-10 03:41:16,maintenance_event,ME-004,Scheduled replacement of drive belt and chain per wear-life schedule,CNC-005-SEN-TEMP,Spindle Temperature Sensor,62.05,preventive,Tightened all electrical terminal blocks; replaced degraded cable ties,92,MNT-001 (Sato T.),2026-05-10 05:48:16,closed,336.05,Operator-initiated inspection following anomaly observation
INC-0139,CNC-001,CNC Machining Center,Line A,2026-05-10 13:36:54,maintenance_event,ME-006,CMMS-triggered early maintenance based on vibration trend alert,CNC-001-SEN-VIB,Vibration Sensor,5.83,preventive,Calibrated all installed sensors against reference standards,216,MNT-001 (Sato T.),2026-05-10 18:06:54,resolved,517.67,Scheduled PM as per 500-hour maintenance plan
INC-0140,CONV-002,Conveyor Belt System,Line B,2026-05-13 21:19:42,sensor_anomaly,SA-002,Vibration RMS increasing week-over-week; bearing wear suspected,CONV-002-SEN-TENS,Belt Tension Sensor,103.93,predictive,Adjusted drive pulley alignment after belt speed anomaly trend detected,22,CMMS-AUTO,2026-05-13 22:39:42,closed,1749.88,Repeated thermal shock to sensor mount loosened connection
INC-0141,CNC-004,CNC Machining Center V2,Line B,2026-05-14 17:54:46,maintenance_event,ME-003,"Full sensor calibration, safety relay test, and emergency stop verification",CNC-004-SEN-TEMP,Spindle Temperature Sensor,49.95,preventive,Inspected and replaced worn drive belt; adjusted belt tension to 350 N,23,CMMS-AUTO,2026-05-14 19:16:46,closed,518.9,Operator-initiated inspection following anomaly observation
INC-0142,ROB-004,Robotic Arm KUKA KR 10,Welding Station,2026-05-15 11:42:41,sensor_anomaly,SA-007,Encoder offset accumulating per cycle; calibration required,ROB-004-SEN-TEMP,Motor Temperature Sensor,101.08,predictive,Replaced position encoder after drift trend identified; recalibrated zero point,64,OPR-001 (Tanaka K.),2026-05-15 13:04:41,closed,2559.51,Progressive mechanical wear producing detectable vibration signature
INC-0143,CNC-002,CNC Machining Center,Line A,2026-05-16 17:17:17,maintenance_event,ME-006,CMMS-triggered early maintenance based on vibration trend alert,CNC-002-SEN-SPIN,Spindle Speed Sensor,3596.45,preventive,Tightened all electrical terminal blocks; replaced degraded cable ties,135,MNT-001 (Sato T.),2026-05-16 19:44:17,closed,727.08,Annual statutory safety inspection requirement
INC-0144,COMP-001,Air Compressor Atlas Copco,Utility Room,2026-05-16 18:51:25,sensor_anomaly,SA-001,Sensor value 15% above normal range; possible early-stage overheating,COMP-001-SEN-TEMP,Discharge Air Temp Sensor,110.39,predictive,Early oil change triggered by particle count exceeding 18/16/13 (ISO 4406),7,OPR-001 (Tanaka K.),2026-05-16 19:11:25,closed,2538.85,EMI from adjacent inverter drive affecting analog signal quality
INC-0145,CONV-001,Conveyor Belt System,Line A,2026-05-18 00:28:36,machine_failure,MF-007,Coolant flow dropped to zero; machining halted to prevent thermal damage,CONV-001-SEN-TENS,Belt Tension Sensor,80.89,predictive,Replaced position encoder after drift trend identified; recalibrated zero point,121,OPR-002 (Suzuki M.),2026-05-18 02:55:36,resolved,6546.21,Power grid voltage sag event caused PLC reset and control fault
INC-0146,CNC-003,CNC Machining Center,Line B,2026-05-19 19:33:09,machine_failure,MF-001,Motor temperature exceeded 95°C; thermal protection relay activated,CNC-003-SEN-TEMP,Spindle Temperature Sensor,98.01,predictive,Adjusted drive pulley alignment after belt speed anomaly trend detected,310,OPR-003 (Yamamoto H.),2026-05-20 01:17:09,resolved,4812.03,Chip accumulation not cleared due to broken chip conveyor
INC-0147,PUMP-001,Hydraulic Pump Parker H1,Utility Room,2026-05-20 00:10:18,sensor_anomaly,SA-001,Sensor value 15% above normal range; possible early-stage overheating,PUMP-001-SEN-TEMP,Oil Temperature Sensor,26.53,predictive,Replaced position encoder after drift trend identified; recalibrated zero point,18,CMMS-AUTO,2026-05-20 00:53:18,closed,3138.52,Oil mist contamination of sensor housing reducing measurement accuracy
INC-0148,PUMP-002,Hydraulic Pump Parker H1,Utility Room,2026-05-20 07:59:10,maintenance_event,ME-001,"Routine PM per 500 h interval: inspection, lubrication, filter replacement",PUMP-002-SEN-FLOW,Flow Rate Sensor,79.28,preventive,Replaced hydraulic return filter and suction strainer; topped up fluid,76,MNT-002 (Kobayashi R.),2026-05-20 09:28:10,closed,552.84,Annual statutory safety inspection requirement
INC-0149,COMP-001,Air Compressor Atlas Copco,Utility Room,2026-05-20 17:17:40,machine_failure,MF-010,Cavitation noise and pressure fluctuation; pump efficiency dropped to 40%,COMP-001-SEN-VIB,Bearing Vibration Sensor,-0.65,corrective,Cleared spindle jam; replaced broken cutting tool; re-zeroed workpiece,323,OPR-002 (Suzuki M.),2026-05-20 23:21:40,closed,3541.52,Hydraulic fluid degraded beyond acceptable viscosity index
INC-0150,ROB-004,Robotic Arm KUKA KR 10,Welding Station,2026-05-22 17:48:49,machine_failure,MF-005,Spindle locked due to chip accumulation; axis collision error E-5021,ROB-004-SEN-CUR,Drive Current Sensor,-0.29,corrective,Replaced ruptured drive belt (Gates Poly Chain); adjusted tension,80,SCADA-SYSTEM,2026-05-22 19:22:49,closed,11648.29,Power grid voltage sag event caused PLC reset and control fault
INC-0151,PRESS-002,Hydraulic Press 200T,Line B,2026-05-23 00:07:42,sensor_anomaly,SA-005,Torque exceeded rated value by 25% for 200 ms; joint play suspected,PRESS-002-SEN-FORCE,Press Force Sensor,2314.75,predictive,Adjusted drive pulley alignment after belt speed anomaly trend detected,12,CMMS-AUTO,2026-05-23 00:32:42,closed,2184.77,Repeated thermal shock to sensor mount loosened connection
INC-0152,CNC-001,CNC Machining Center,Line A,2026-05-23 02:32:33,maintenance_event,ME-001,"Routine PM per 500 h interval: inspection, lubrication, filter replacement",CNC-001-SEN-TEMP,Spindle Temperature Sensor,57.81,preventive,Calibrated all installed sensors against reference standards,94,MNT-001 (Sato T.),2026-05-23 04:16:33,closed,576.47,CMMS-generated work order based on predictive alert threshold breach
INC-0153,CNC-002,CNC Machining Center,Line A,2026-05-23 17:46:40,machine_failure,MF-001,Motor temperature exceeded 95°C; thermal protection relay activated,CNC-002-SEN-VIB,Vibration Sensor,-0.13,corrective,Repaired hydraulic pipe joint; purged air from system; tested at full pressure,166,SCADA-SYSTEM,2026-05-23 20:54:40,closed,2671.99,Gear tooth wear accelerated by abrasive contamination in gearbox oil
INC-0154,CONV-002,Conveyor Belt System,Line B,2026-05-24 10:22:07,maintenance_event,ME-005,"Thermal imaging scan of control cabinet; tightened terminals, replaced fuse",CONV-002-SEN-SPEED,Belt Speed Sensor,1.1,preventive,Calibrated all installed sensors against reference standards,61,MNT-002 (Kobayashi R.),2026-05-24 11:45:07,closed,208.57,Scheduled quarterly maintenance per annual maintenance calendar
INC-0155,COMP-001,Air Compressor Atlas Copco,Utility Room,2026-05-24 16:28:33,maintenance_event,ME-004,Scheduled replacement of drive belt and chain per wear-life schedule,COMP-001-SEN-PRES,Discharge Pressure Sensor,7.32,preventive,Tightened all electrical terminal blocks; replaced degraded cable ties,81,CMMS-AUTO,2026-05-24 18:30:33,closed,678.55,Scheduled quarterly maintenance per annual maintenance calendar
INC-0156,PUMP-002,Hydraulic Pump Parker H1,Utility Room,2026-05-25 19:54:36,maintenance_event,ME-002,Hydraulic oil sample analysis and change; all lubrication points serviced,PUMP-002-SEN-PRES,Hydraulic Pressure Sensor,198.39,preventive,Calibrated all installed sensors against reference standards,95,MNT-002 (Kobayashi R.),2026-05-25 22:10:36,closed,891.75,Operator-initiated inspection following anomaly observation
INC-0157,COMP-001,Air Compressor Atlas Copco,Utility Room,2026-05-26 03:54:15,machine_failure,MF-009,Unusual grinding noise from gearbox; inspection revealed worn gear teeth,COMP-001-SEN-VIB,Bearing Vibration Sensor,-0.63,predictive,Performed proactive bearing replacement based on vibration trend analysis,313,SCADA-SYSTEM,2026-05-26 09:14:15,closed,2425.24,Lubrication interval overrun by 40 hours; accelerated bearing wear
INC-0158,COMP-002,Air Compressor Atlas Copco,Utility Room,2026-05-26 06:38:05,maintenance_event,ME-006,CMMS-triggered early maintenance based on vibration trend alert,COMP-002-SEN-VIB,Bearing Vibration Sensor,4.2,preventive,Replaced hydraulic return filter and suction strainer; topped up fluid,137,MNT-002 (Kobayashi R.),2026-05-26 09:06:05,resolved,1068.46,Operator-initiated inspection following anomaly observation
INC-0159,CNC-005,CNC Machining Center V2,Line B,2026-05-26 08:25:43,sensor_anomaly,SA-004,Flow rate dropped below 80% of nominal; filter clogging suspected,CNC-005-SEN-SPIN,Spindle Speed Sensor,-25.27,corrective,Replaced burnt motor winding; realigned coupling and performed test run,24,OPR-001 (Tanaka K.),2026-05-26 09:07:43,closed,1175.29,Progressive mechanical wear producing detectable vibration signature
INC-0160,PUMP-002,Hydraulic Pump Parker H1,Utility Room,2026-05-26 15:52:36,maintenance_event,ME-005,"Thermal imaging scan of control cabinet; tightened terminals, replaced fuse",PUMP-002-SEN-PRES,Hydraulic Pressure Sensor,141.39,preventive,Inspected and replaced worn drive belt; adjusted belt tension to 350 N,197,CMMS-AUTO,2026-05-26 19:29:36,resolved,593.48,Annual statutory safety inspection requirement
INC-0161,ROB-003,Robotic Arm KUKA KR 10,Line B,2026-05-26 22:05:40,maintenance_event,ME-006,CMMS-triggered early maintenance based on vibration trend alert,ROB-003-SEN-POS,Position Encoder,262.93,preventive,Calibrated all installed sensors against reference standards,162,CMMS-AUTO,2026-05-27 01:15:40,resolved,222.03,CMMS-generated work order based on predictive alert threshold breach
INC-0162,COMP-001,Air Compressor Atlas Copco,Utility Room,2026-05-27 01:51:23,maintenance_event,ME-001,"Routine PM per 500 h interval: inspection, lubrication, filter replacement",COMP-001-SEN-PRES,Discharge Pressure Sensor,8.54,preventive,Cleaned coolant tank; replaced coolant and checked pump operation,177,MNT-001 (Sato T.),2026-05-27 05:42:23,closed,219.11,Annual statutory safety inspection requirement
INC-0163,COMP-001,Air Compressor Atlas Copco,Utility Room,2026-05-27 15:03:53,sensor_anomaly,SA-004,Flow rate dropped below 80% of nominal; filter clogging suspected,COMP-001-SEN-PRES,Discharge Pressure Sensor,11.6,predictive,Adjusted drive pulley alignment after belt speed anomaly trend detected,69,CMMS-AUTO,2026-05-27 16:44:53,closed,912.68,EMI from adjacent inverter drive affecting analog signal quality
INC-0164,PUMP-001,Hydraulic Pump Parker H1,Utility Room,2026-05-29 04:15:00,maintenance_event,ME-006,CMMS-triggered early maintenance based on vibration trend alert,PUMP-001-SEN-PRES,Hydraulic Pressure Sensor,194.69,preventive,Tightened all electrical terminal blocks; replaced degraded cable ties,73,MNT-002 (Kobayashi R.),2026-05-29 06:08:00,closed,670.12,Scheduled quarterly maintenance per annual maintenance calendar
INC-0165,PRESS-001,Hydraulic Press 100T,Line A,2026-05-30 01:55:52,maintenance_event,ME-002,Hydraulic oil sample analysis and change; all lubrication points serviced,PRESS-001-SEN-TEMP,Oil Temperature Sensor,58.87,preventive,Inspected and replaced worn drive belt; adjusted belt tension to 350 N,163,MNT-002 (Kobayashi R.),2026-05-30 05:10:52,closed,307.28,Operator-initiated inspection following anomaly observation
INC-0166,ROB-004,Robotic Arm KUKA KR 10,Welding Station,2026-05-30 09:09:47,sensor_anomaly,SA-001,Sensor value 15% above normal range; possible early-stage overheating,ROB-004-SEN-POS,Position Encoder,-24.9,corrective,Replaced ruptured drive belt (Gates Poly Chain); adjusted tension,73,CMMS-AUTO,2026-05-30 10:52:47,closed,519.87,EMI from adjacent inverter drive affecting analog signal quality
INC-0167,CNC-003,CNC Machining Center,Line B,2026-05-30 10:54:45,maintenance_event,ME-005,"Thermal imaging scan of control cabinet; tightened terminals, replaced fuse",CNC-003-SEN-VIB,Vibration Sensor,3.48,preventive,Tightened all electrical terminal blocks; replaced degraded cable ties,73,MNT-001 (Sato T.),2026-05-30 12:57:45,closed,1101.16,CMMS-generated work order based on predictive alert threshold breach
INC-0168,CNC-004,CNC Machining Center V2,Line B,2026-05-31 12:35:10,maintenance_event,ME-006,CMMS-triggered early maintenance based on vibration trend alert,CNC-004-SEN-TEMP,Spindle Temperature Sensor,58.92,preventive,Replaced hydraulic return filter and suction strainer; topped up fluid,99,MNT-002 (Kobayashi R.),2026-05-31 14:25:10,resolved,1191.64,Operator-initiated inspection following anomaly observation
INC-0169,CNC-003,CNC Machining Center,Line B,2026-05-31 19:49:07,maintenance_event,ME-002,Hydraulic oil sample analysis and change; all lubrication points serviced,CNC-003-SEN-VIB,Vibration Sensor,6.85,preventive,Calibrated all installed sensors against reference standards,227,CMMS-AUTO,2026-05-31 23:52:07,closed,763.09,Operator-initiated inspection following anomaly observation
INC-0170,CNC-003,CNC Machining Center,Line B,2026-06-01 06:56:32,machine_failure,MF-002,Vibration amplitude exceeded 12 mm/s; bearing cage fracture confirmed,CNC-003-SEN-TEMP,Spindle Temperature Sensor,109.46,predictive,Performed proactive bearing replacement based on vibration trend analysis,320,OPR-003 (Yamamoto H.),2026-06-01 12:34:32,resolved,3418.23,Hydraulic fluid degraded beyond acceptable viscosity index
INC-0171,ROB-001,Robotic Arm FANUC M-20,Line A,2026-06-02 20:48:45,maintenance_event,ME-001,"Routine PM per 500 h interval: inspection, lubrication, filter replacement",ROB-001-SEN-TORQ,Joint Torque Sensor,49.98,preventive,Replaced hydraulic return filter and suction strainer; topped up fluid,93,CMMS-AUTO,2026-06-02 22:54:45,closed,796.31,Scheduled quarterly maintenance per annual maintenance calendar
INC-0172,COMP-001,Air Compressor Atlas Copco,Utility Room,2026-06-03 04:45:45,machine_failure,MF-010,Cavitation noise and pressure fluctuation; pump efficiency dropped to 40%,COMP-001-SEN-TEMP,Discharge Air Temp Sensor,126.54,corrective,Replaced failed bearing (SKF 6205-2RS); re-greased and verified alignment,153,OPR-002 (Suzuki M.),2026-06-03 07:35:45,closed,2882.13,Hydraulic fluid degraded beyond acceptable viscosity index
INC-0173,CNC-002,CNC Machining Center,Line A,2026-06-03 08:33:28,sensor_anomaly,SA-003,Pressure 18% below setpoint; potential minor seal weepage detected,CNC-002-SEN-TEMP,Spindle Temperature Sensor,94.54,predictive,Replaced motor insulation based on IR thermography hot-spot finding,39,SCADA-SYSTEM,,in_progress,1990.32,Oil mist contamination of sensor housing reducing measurement accuracy
INC-0174,ROB-002,Robotic Arm FANUC M-20,Line A,2026-06-03 10:14:39,maintenance_event,ME-005,"Thermal imaging scan of control cabinet; tightened terminals, replaced fuse",ROB-002-SEN-POS,Position Encoder,152.35,preventive,Inspected and replaced worn drive belt; adjusted belt tension to 350 N,68,CMMS-AUTO,2026-06-03 12:11:39,resolved,600.33,CMMS-generated work order based on predictive alert threshold breach
INC-0175,CNC-001,CNC Machining Center,Line A,2026-06-03 13:08:25,sensor_anomaly,SA-006,Current 30% above rated value; potential mechanical resistance increase,CNC-001-SEN-TEMP,Spindle Temperature Sensor,22.63,corrective,Cleared spindle jam; replaced broken cutting tool; re-zeroed workpiece,5,OPR-001 (Tanaka K.),2026-06-03 14:04:25,resolved,1841.97,EMI from adjacent inverter drive affecting analog signal quality
INC-0176,ROB-001,Robotic Arm FANUC M-20,Line A,2026-06-03 19:02:30,maintenance_event,ME-006,CMMS-triggered early maintenance based on vibration trend alert,ROB-001-SEN-CUR,Drive Current Sensor,10.42,preventive,Calibrated all installed sensors against reference standards,213,MNT-002 (Kobayashi R.),2026-06-03 22:51:30,resolved,277.8,Annual statutory safety inspection requirement
INC-0177,PRESS-002,Hydraulic Press 200T,Line B,2026-06-05 07:19:58,maintenance_event,ME-004,Scheduled replacement of drive belt and chain per wear-life schedule,PRESS-002-SEN-PRES,Cylinder Pressure Sensor,1018.15,preventive,Inspected and replaced worn drive belt; adjusted belt tension to 350 N,218,CMMS-AUTO,2026-06-05 11:36:58,closed,134.54,Operator-initiated inspection following anomaly observation
INC-0178,CONV-001,Conveyor Belt System,Line A,2026-06-05 08:43:59,sensor_anomaly,SA-008,Speed dropping 10–15% intermittently; belt slippage on drive pulley,CONV-001-SEN-VIB,Vibration Sensor,7.97,predictive,Replaced position encoder after drift trend identified; recalibrated zero point,82,SCADA-SYSTEM,2026-06-05 10:50:59,closed,2247.42,Oil mist contamination of sensor housing reducing measurement accuracy
INC-0179,CONV-002,Conveyor Belt System,Line B,2026-06-06 00:18:33,machine_failure,MF-008,"X-axis servo fault; position error exceeded 0.5 mm, emergency stop",CONV-002-SEN-SPEED,Belt Speed Sensor,0.01,corrective,Replaced failed bearing (SKF 6205-2RS); re-greased and verified alignment,206,OPR-003 (Yamamoto H.),2026-06-06 04:08:33,resolved,9687.8,Hydraulic fluid degraded beyond acceptable viscosity index
INC-0180,CONV-003,Roller Conveyor,Packaging Area,2026-06-06 11:08:40,machine_failure,MF-006,"I/O module error; machine entered fault state, cannot accept commands",CONV-003-SEN-TEMP,Motor Temperature Sensor,19.98,corrective,Replaced gearbox assembly; refilled gear oil; verified noise level,234,OPR-003 (Yamamoto H.),2026-06-06 15:30:40,resolved,1631.73,Age-related insulation breakdown in motor winding (10-year-old unit)
INC-0181,CONV-002,Conveyor Belt System,Line B,2026-06-06 21:59:07,maintenance_event,ME-001,"Routine PM per 500 h interval: inspection, lubrication, filter replacement",CONV-002-SEN-TENS,Belt Tension Sensor,223.6,preventive,Calibrated all installed sensors against reference standards,114,MNT-002 (Kobayashi R.),2026-06-07 00:25:07,closed,617.2,Scheduled quarterly maintenance per annual maintenance calendar
INC-0182,COMP-002,Air Compressor Atlas Copco,Utility Room,2026-06-07 10:35:56,maintenance_event,ME-004,Scheduled replacement of drive belt and chain per wear-life schedule,COMP-002-SEN-VIB,Bearing Vibration Sensor,2.51,preventive,Tightened all electrical terminal blocks; replaced degraded cable ties,116,MNT-001 (Sato T.),2026-06-07 13:03:56,resolved,986.05,CMMS-generated work order based on predictive alert threshold breach
INC-0183,CNC-003,CNC Machining Center,Line B,2026-06-07 17:58:04,maintenance_event,ME-004,Scheduled replacement of drive belt and chain per wear-life schedule,CNC-003-SEN-SPIN,Spindle Speed Sensor,3528.53,preventive,Updated PLC firmware to v3.2.1; verified all I/O signal functionality,220,CMMS-AUTO,2026-06-07 22:18:04,closed,539.67,Scheduled PM as per 500-hour maintenance plan
INC-0184,CONV-001,Conveyor Belt System,Line A,2026-06-08 07:54:22,sensor_anomaly,SA-002,Vibration RMS increasing week-over-week; bearing wear suspected,CONV-001-SEN-SPEED,Belt Speed Sensor,3.45,predictive,Replaced position encoder after drift trend identified; recalibrated zero point,48,OPR-002 (Suzuki M.),2026-06-08 08:56:22,resolved,1816.49,Partial cable insulation damage caused by coolant splash
INC-0185,ROB-004,Robotic Arm KUKA KR 10,Welding Station,2026-06-08 09:21:26,sensor_anomaly,SA-004,Flow rate dropped below 80% of nominal; filter clogging suspected,ROB-004-SEN-CUR,Drive Current Sensor,0.23,predictive,Pre-emptive seal replacement after continuous pressure-drop trend detected,67,OPR-002 (Suzuki M.),2026-06-08 10:40:26,closed,2366.56,Sensor calibration drift after thermal cycling (>200 cycles since last cal.)
INC-0186,CONV-003,Roller Conveyor,Packaging Area,2026-06-08 23:33:14,sensor_anomaly,SA-001,Sensor value 15% above normal range; possible early-stage overheating,CONV-003-SEN-SPEED,Roller Speed Sensor,2.76,predictive,Adjusted drive pulley alignment after belt speed anomaly trend detected,86,CMMS-AUTO,2026-06-09 01:14:14,closed,1292.82,Sensor calibration drift after thermal cycling (>200 cycles since last cal.)
INC-0187,CNC-003,CNC Machining Center,Line B,2026-06-09 17:34:43,machine_failure,MF-004,Main drive belt snapped under load; machine halted unexpectedly,CNC-003-SEN-VIB,Vibration Sensor,-0.23,corrective,Replaced hydraulic seals on main ram; pressure tested to 250 bar – no leaks,440,OPR-001 (Tanaka K.),2026-06-10 01:16:43,resolved,7918.7,Age-related insulation breakdown in motor winding (10-year-old unit)
INC-0188,PUMP-002,Hydraulic Pump Parker H1,Utility Room,2026-06-11 00:34:03,maintenance_event,ME-006,CMMS-triggered early maintenance based on vibration trend alert,PUMP-002-SEN-TEMP,Oil Temperature Sensor,69.46,preventive,Updated PLC firmware to v3.2.1; verified all I/O signal functionality,213,CMMS-AUTO,2026-06-11 04:50:03,closed,974.89,Scheduled PM as per 500-hour maintenance plan
INC-0189,CNC-003,CNC Machining Center,Line B,2026-06-11 21:36:47,machine_failure,MF-009,Unusual grinding noise from gearbox; inspection revealed worn gear teeth,CNC-003-SEN-VIB,Vibration Sensor,-0.15,corrective,Replaced failed power supply unit; verified stable 24 VDC output,364,OPR-003 (Yamamoto H.),2026-06-12 04:05:47,closed,3324.73,Power grid voltage sag event caused PLC reset and control fault
INC-0190,CNC-003,CNC Machining Center,Line B,2026-06-12 17:21:56,maintenance_event,ME-002,Hydraulic oil sample analysis and change; all lubrication points serviced,CNC-003-SEN-SPIN,Spindle Speed Sensor,2341.39,preventive,Updated PLC firmware to v3.2.1; verified all I/O signal functionality,47,MNT-002 (Kobayashi R.),2026-06-12 18:37:56,closed,1708.45,Operator-initiated inspection following anomaly observation
INC-0191,ROB-002,Robotic Arm FANUC M-20,Line A,2026-06-12 20:26:22,maintenance_event,ME-004,Scheduled replacement of drive belt and chain per wear-life schedule,ROB-002-SEN-POS,Position Encoder,267.5,preventive,Calibrated all installed sensors against reference standards,230,MNT-002 (Kobayashi R.),2026-06-13 01:02:22,closed,717.33,Annual statutory safety inspection requirement
INC-0192,ROB-004,Robotic Arm KUKA KR 10,Welding Station,2026-06-13 04:06:05,sensor_anomaly,SA-004,Flow rate dropped below 80% of nominal; filter clogging suspected,ROB-004-SEN-CUR,Drive Current Sensor,20.55,predictive,Replaced motor insulation based on IR thermography hot-spot finding,18,SCADA-SYSTEM,2026-06-13 04:37:05,resolved,505.25,Partial cable insulation damage caused by coolant splash
INC-0193,ROB-001,Robotic Arm FANUC M-20,Line A,2026-06-15 19:22:49,maintenance_event,ME-002,Hydraulic oil sample analysis and change; all lubrication points serviced,ROB-001-SEN-TEMP,Motor Temperature Sensor,37.08,preventive,Calibrated all installed sensors against reference standards,98,CMMS-AUTO,,in_progress,211.75,CMMS-generated work order based on predictive alert threshold breach
INC-0194,PUMP-002,Hydraulic Pump Parker H1,Utility Room,2026-06-16 05:22:01,sensor_anomaly,SA-004,Flow rate dropped below 80% of nominal; filter clogging suspected,PUMP-002-SEN-TEMP,Oil Temperature Sensor,25.66,predictive,Adjusted drive pulley alignment after belt speed anomaly trend detected,26,CMMS-AUTO,,in_progress,1225.05,Oil mist contamination of sensor housing reducing measurement accuracy
INC-0195,ROB-003,Robotic Arm KUKA KR 10,Line B,2026-06-16 11:15:19,machine_failure,MF-007,Coolant flow dropped to zero; machining halted to prevent thermal damage,ROB-003-SEN-CUR,Drive Current Sensor,-1.03,corrective,Replaced failed bearing (SKF 6205-2RS); re-greased and verified alignment,355,OPR-003 (Yamamoto H.),,in_progress,7878.3,Gear tooth wear accelerated by abrasive contamination in gearbox oil
INC-0196,CNC-004,CNC Machining Center V2,Line B,2026-06-16 20:02:53,maintenance_event,ME-004,Scheduled replacement of drive belt and chain per wear-life schedule,CNC-004-SEN-SPIN,Spindle Speed Sensor,6683.99,preventive,Cleaned coolant tank; replaced coolant and checked pump operation,24,MNT-001 (Sato T.),,in_progress,873.8,Scheduled PM as per 500-hour maintenance plan
INC-0197,CNC-005,CNC Machining Center V2,Line B,2026-06-16 23:19:45,maintenance_event,ME-002,Hydraulic oil sample analysis and change; all lubrication points serviced,CNC-005-SEN-SPIN,Spindle Speed Sensor,3221.65,preventive,Replaced hydraulic return filter and suction strainer; topped up fluid,97,CMMS-AUTO,,in_progress,122.36,CMMS-generated work order based on predictive alert threshold breach
INC-0198,PRESS-002,Hydraulic Press 200T,Line B,2026-06-18 09:10:46,maintenance_event,ME-004,Scheduled replacement of drive belt and chain per wear-life schedule,PRESS-002-SEN-STR,Ram Stroke Position Sensor,150.21,preventive,Tightened all electrical terminal blocks; replaced degraded cable ties,27,MNT-002 (Kobayashi R.),2026-06-18 10:32:46,resolved,798.98,Scheduled quarterly maintenance per annual maintenance calendar
INC-0199,ROB-002,Robotic Arm FANUC M-20,Line A,2026-06-19 09:10:08,maintenance_event,ME-004,Scheduled replacement of drive belt and chain per wear-life schedule,ROB-002-SEN-TEMP,Motor Temperature Sensor,55.26,preventive,Cleaned coolant tank; replaced coolant and checked pump operation,23,MNT-002 (Kobayashi R.),,open,170.86,CMMS-generated work order based on predictive alert threshold breach
INC-0200,CONV-003,Roller Conveyor,Packaging Area,2026-06-20 21:27:30,sensor_anomaly,SA-002,Vibration RMS increasing week-over-week; bearing wear suspected,CONV-003-SEN-TEMP,Motor Temperature Sensor,21.92,corrective,Replaced failed power supply unit; verified stable 24 VDC output,85,CMMS-AUTO,,in_progress,688.85,Partial cable insulation damage caused by coolant splash
